epoch,time,train/box_loss,train/cls_loss,train/dfl_loss,metrics/precision(B),metrics/recall(B),metrics/mAP50(B),metrics/mAP50-95(B),val/box_loss,val/cls_loss,val/dfl_loss,lr/pg0,lr/pg1,lr/pg2
1,17.5151,1.2767,1.48832,0.94654,0.23295,0.95508,0.23274,0.17043,0.96292,6.55072,0.87851,0.00044,0.00044,0.00044
2,33.0763,0.97764,0.48621,0.87469,0.67459,0.87174,0.70902,0.51475,0.98545,3.85645,0.91565,0.00089109,0.00089109,0.00089109
3,48.6113,1.00456,0.48897,0.87759,0.53018,0.50546,0.37342,0.23906,1.23944,1.24985,0.95864,0.00133307,0.00133307,0.00133307
4,64.2893,1.03525,0.48105,0.88084,0,0,0,0,nan,nan,nan,0.00176595,0.00176595,0.00176595
5,80.346,1.00191,0.49081,0.87246,2e-05,0.00065,1e-05,1e-05,nan,nan,nan,0.0019208,0.0019208,0.0019208
6,95.7073,0.90422,0.44366,0.8567,0.00426,0.12565,0.00242,0.00094,3.91193,inf,6.38138,0.001901,0.001901,0.001901
7,111.049,0.92016,0.44287,0.85835,0.31736,0.55208,0.23076,0.16524,1.12434,3.2932,0.95941,0.0018812,0.0018812,0.0018812
8,126.222,0.89566,0.42416,0.86299,0.83849,0.87826,0.93393,0.67493,0.99745,0.76129,0.89599,0.0018614,0.0018614,0.0018614
9,141.876,0.86313,0.41866,0.85455,0.98865,0.99479,0.99414,0.76351,0.8815,0.42039,0.87099,0.0018416,0.0018416,0.0018416
10,157.557,0.85675,0.4132,0.84735,0.99154,0.99211,0.99479,0.73277,1.03184,0.44955,0.89552,0.0018218,0.0018218,0.0018218
11,173.297,0.87335,0.40707,0.84851,0.98323,0.99222,0.99219,0.73857,0.94899,0.46401,0.88682,0.001802,0.001802,0.001802
12,188.745,0.86577,0.40513,0.85103,0.99215,0.99674,0.99462,0.77704,0.86703,0.3903,0.86038,0.0017822,0.0017822,0.0017822
13,204.335,0.86254,0.4004,0.84492,0.99042,0.99609,0.99491,0.7831,0.84788,0.37362,0.8597,0.0017624,0.0017624,0.0017624
14,219.77,0.84421,0.3983,0.84379,0.99392,0.99414,0.99442,0.80979,0.78962,0.36004,0.84987,0.0017426,0.0017426,0.0017426
15,235.17,0.82984,0.38674,0.84005,0.99349,0.99374,0.99479,0.81431,0.79276,0.35876,0.84799,0.0017228,0.0017228,0.0017228
16,250.609,0.83522,0.38599,0.84126,0.99588,0.99284,0.99476,0.80398,0.8127,0.37175,0.85843,0.001703,0.001703,0.001703
17,266.252,0.82048,0.37979,0.84183,0.99029,0.99602,0.9949,0.80491,0.80817,0.37194,0.85362,0.0016832,0.0016832,0.0016832
18,282.004,0.82469,0.38408,0.83659,0.99307,0.99544,0.99488,0.81605,0.78577,0.35578,0.84417,0.0016634,0.0016634,0.0016634
19,297.647,0.82392,0.37636,0.84097,0.99414,0.99376,0.99432,0.71556,1.09374,0.45011,0.91199,0.0016436,0.0016436,0.0016436
20,312.825,0.78528,0.36099,0.8365,0.9931,0.99414,0.99493,0.81124,0.79238,0.34868,0.84802,0.0016238,0.0016238,0.0016238
21,328.031,0.7894,0.36579,0.84154,0.97396,0.98568,0.99297,0.77145,0.90852,0.40721,0.87393,0.001604,0.001604,0.001604
22,343.51,0.80295,0.36896,0.83274,0.97929,0.98509,0.99426,0.79541,0.83416,0.36312,0.85615,0.0015842,0.0015842,0.0015842
23,358.888,0.78409,0.35917,0.83251,0.98947,0.97921,0.99309,0.78262,0.87411,0.40533,0.86012,0.0015644,0.0015644,0.0015644
24,374.16,0.78646,0.36684,0.83653,0.9927,0.99544,0.99471,0.82644,0.74365,0.35032,0.83809,0.0015446,0.0015446,0.0015446
25,389.539,0.76955,0.36437,0.83285,0.99222,0.99653,0.99457,0.79617,0.8428,0.37491,0.85519,0.0015248,0.0015248,0.0015248
26,404.845,0.76701,0.35449,0.83328,0.99204,0.99544,0.99491,0.83263,0.73341,0.32984,0.83845,0.001505,0.001505,0.001505
27,420.363,0.75306,0.34773,0.83182,0.99478,0.9934,0.99447,0.8159,0.74929,0.34315,0.84217,0.0014852,0.0014852,0.0014852
28,435.795,0.77374,0.36394,0.83983,0.98868,0.99544,0.99471,0.79503,0.7899,0.35042,0.84701,0.0014654,0.0014654,0.0014654
29,451.087,0.73834,0.34795,0.82766,0.99162,0.99089,0.99467,0.79054,0.84022,0.35483,0.85134,0.0014456,0.0014456,0.0014456
30,466.212,0.75492,0.34726,0.83612,0.989,0.99476,0.9949,0.81716,0.75985,0.33982,0.83979,0.0014258,0.0014258,0.0014258
31,481.836,0.75469,0.34533,0.83217,0.99414,0.99443,0.99461,0.83495,0.72596,0.32092,0.83488,0.001406,0.001406,0.001406
32,497.529,0.73438,0.33504,0.82939,0.99309,0.99674,0.99487,0.8166,0.7494,0.32484,0.83945,0.0013862,0.0013862,0.0013862
33,513.057,0.73483,0.33507,0.82771,0.99304,0.99349,0.99491,0.7958,0.82912,0.33463,0.85162,0.0013664,0.0013664,0.0013664
34,528.335,0.73355,0.33692,0.82949,0.99514,0.99544,0.99485,0.83438,0.71195,0.3118,0.83231,0.0013466,0.0013466,0.0013466
35,543.503,0.73465,0.33367,0.82879,0.991,0.99023,0.99446,0.80898,0.7865,0.33007,0.84607,0.0013268,0.0013268,0.0013268
36,558.788,0.73237,0.33266,0.82889,0.98529,0.98763,0.99463,0.8032,0.81147,0.36713,0.84933,0.001307,0.001307,0.001307
37,574.248,0.73862,0.33744,0.83387,0.99082,0.9974,0.99495,0.84216,0.69731,0.31071,0.83002,0.0012872,0.0012872,0.0012872
38,589.461,0.7185,0.33286,0.8268,0.98834,0.99674,0.99478,0.78739,0.8517,0.35884,0.85619,0.0012674,0.0012674,0.0012674
39,604.584,0.73078,0.33557,0.82963,0.99093,0.99563,0.99487,0.83236,0.73035,0.3185,0.83668,0.0012476,0.0012476,0.0012476
40,619.782,0.73963,0.33402,0.8241,0.98901,0.99587,0.99489,0.80613,0.81802,0.33248,0.85719,0.0012278,0.0012278,0.0012278
41,634.697,0.69736,0.32315,0.81961,0.99155,0.98958,0.99478,0.81646,0.78651,0.33022,0.8476,0.001208,0.001208,0.001208
42,650.115,0.71591,0.32662,0.83026,0.99413,0.99674,0.99494,0.84619,0.67901,0.30732,0.83041,0.0011882,0.0011882,0.0011882
43,665.3,0.71393,0.32603,0.82715,0.99362,0.99674,0.99494,0.83449,0.71839,0.3155,0.83469,0.0011684,0.0011684,0.0011684
44,680.707,0.70372,0.31994,0.8283,0.99328,0.9974,0.99495,0.83762,0.71557,0.30728,0.83403,0.0011486,0.0011486,0.0011486
45,696.269,0.70268,0.32479,0.82472,0.9935,0.99552,0.99497,0.78831,0.8761,0.34237,0.85503,0.0011288,0.0011288,0.0011288
46,712.11,0.69133,0.32235,0.81954,0.98887,0.98345,0.99462,0.80392,0.80906,0.33679,0.84909,0.001109,0.001109,0.001109
47,727.692,0.705,0.32079,0.81958,0.99028,0.99494,0.9949,0.83027,0.72218,0.30845,0.83647,0.0010892,0.0010892,0.0010892
48,743.395,0.6799,0.3096,0.8221,0.99222,0.99593,0.99493,0.83358,0.72095,0.30135,0.83441,0.0010694,0.0010694,0.0010694
49,758.736,0.69448,0.31414,0.821,0.99243,0.98828,0.99484,0.83153,0.72765,0.30991,0.83746,0.0010496,0.0010496,0.0010496
50,774.186,0.69575,0.31454,0.82136,0.99096,0.99349,0.99488,0.83542,0.7045,0.30648,0.83109,0.0010298,0.0010298,0.0010298
51,789.81,0.69204,0.31206,0.82543,0.99351,0.99598,0.9949,0.84265,0.69652,0.29774,0.83003,0.00101,0.00101,0.00101
52,805.383,0.68891,0.3129,0.82528,0.98715,0.99154,0.99476,0.83025,0.73043,0.31978,0.83608,0.0009902,0.0009902,0.0009902
