image,yolov8m_cbam_asff_finetuned.pt
AdltStnkBug_003_3500_jpg.rf.24ff33d77ead58c7e1b6d9d1ca4691d2.jpg,10
AdltStnkBug_003_4500_jpg.rf.5f87dbb22f549c29f663fba864123ea7.jpg,10
AdltStnkBug_006_5500_jpg.rf.c2c34bdc5e17b0ae98c863e92d87de97.jpg,7
AdltStnkBug_013_5500_jpg.rf.487e22e297360b95404e7973a3135d4f.jpg,7
AdltStnkBug_016_4500_jpg.rf.6b13e707920e40450e99e1ce3356f48f.jpg,10
AdltStnkBug_017_4500_jpg.rf.ac5083750101b88afb3daec8674ea8b1.jpg,8
AdltStnkBug_023_5500_jpg.rf.376fd666894e3bdc02fe0960f660f3ac.jpg,12
AdltStnkBug_025_3500_jpg.rf.2e3c013947c9e0d9ead4c0d0169c5131.jpg,9
AdltStnkBug_025_4500_jpg.rf.be2d59d8527170d43d975005dcd418b5.jpg,9
AdltStnkBug_026_3500_jpg.rf.6611312c08f93eddb81c932f88dd5faa.jpg,10
AdltStnkBug_028_4500_jpg.rf.f5b72be8d3d311bf2c2c46154fd089bb.jpg,10
AdltStnkBug_028_5500_jpg.rf.b6478ea1b06eb7552c0292f97ac61004.jpg,10
AdltStnkBug_031_4500_jpg.rf.a0765728745ad87f5e05793fbfece03f.jpg,11
AdltStnkBug_032_5500_jpg.rf.e830d92a82552fa5c88c0b74caeaa7bc.jpg,10
AdltStnkBug_033_5500_jpg.rf.eeb5eca3e76750292481cd2ea36a6dc9.jpg,11
AdltStnkBug_035_4500_jpg.rf.5d15782b44c69a4b6d2b004b22f95fad.jpg,11
AdltStnkBug_038_3500_jpg.rf.0350e4a5fe89bef8c4e171a7d5afeb0d.jpg,10
AdltStnkBug_041_3500_jpg.rf.df14327571c1d98fb985d828def7d386.jpg,10
AdltStnkBug_043_4500_jpg.rf.6d1a2bea86ed3ae322274a1cac2d0b4c.jpg,7
AdltStnkBug_044_5500_jpg.rf.7c74b656df9c18afa60756a27b5c6865.jpg,8
AdltStnkBug_046_5500_jpg.rf.10a41da5debf16a62d0b7715274b6e52.jpg,5
AdltStnkBug_047_4500_jpg.rf.06a0c1729eba940bc30c48ab98247542.jpg,6
AdltStnkBug_054_5500_jpg.rf.00d3a770d2d418f04bb3d3d26c1d1200.jpg,9
AdltStnkBug_057_3500_jpg.rf.aec3e39e4b4333583a29afe8cab6d65a.jpg,9
AdltStnkBug_057_4500_jpg.rf.a7054dd481c7cce9284b4c432b1c2d4d.jpg,9
AdltStnkBug_059_3500_jpg.rf.b4e034b0ed426039b61eeb3f70631144.jpg,9
AdltStnkBug_059_4500_jpg.rf.2212571ffea3a5486531c5e5d0352690.jpg,9
AdltStnkBug_060_5500_jpg.rf.8eb03ed3714ccde685ffb3eb5a42ddfd.jpg,9
AdltStnkBug_061_4500_jpg.rf.28c1f7bbd4b0357fcf4ce42808d0146d.jpg,9
AdltStnkBug_067_5500_jpg.rf.489b96512cb631d0ede7ae6468dba276.jpg,10
AdltStnkBug_069_3500_jpg.rf.cf2509b2294732ca1e784e1b0ce717ec.jpg,7
AdltStnkBug_070_3500_jpg.rf.c38353b729292165ceb0f26b8fe85615.jpg,7
AdltStnkBug_071_4500_jpg.rf.eb35e28cb847a0c4645b22855e0f0f5e.jpg,6
AdltStnkBug_073_4500_jpg.rf.a3bba5f404c5121c646d95607045e1f1.jpg,7
AdltStnkBug_079_5500_jpg.rf.b197d69721a0473476679853104c4bd2.jpg,9
AdltStnkBug_080_3500_jpg.rf.f1a47162a5a1f2a4eacc78f3733d05b3.jpg,9
AdltStnkBug_080_4500_jpg.rf.65903a905fe87ddeaeb16eb49e56bd23.jpg,9
AdltStnkBug_086_4500_jpg.rf.278573c882dfcedf9bf9a91ce7bd0946.jpg,9
AdltStnkBug_087_5500_jpg.rf.59e69692a3b32f078548c5c9f19d1d72.jpg,8
AdltStnkBug_089_3500_jpg.rf.979e3387cab660bcc4d965665a1d61cd.jpg,8
AdltStnkBug_090_4500_jpg.rf.b5aaac9d3a1ca40b981a01c2735ad215.jpg,8
AdltStnkBug_094_3500_jpg.rf.8b9d4bd0395f69e1b09af9dbaee0af43.jpg,8
AdltStnkBug_094_4500_jpg.rf.ea0891591a69d169dbb8163a86e07468.jpg,8
AdltStnkBug_095_5500_jpg.rf.b0b8c03a56c8c5a8f9a433e741d2683a.jpg,8
AdltStnkBug_096_5500_jpg.rf.906c7a7557b0d6808d6b288610165f73.jpg,8
AdltStnkBug_097_5500_jpg.rf.fa30dbc63371a9ce4b371a3d75bf4b2d.jpg,8
AdltStnkBug_101_4500_jpg.rf.5febf676e59dc30d1bed650718a37f0c.jpg,8
AdltStnkBug_102_3500_jpg.rf.00f9e7e42d6c89332eacd215a0628f6c.jpg,8
AdltStnkBug_106_3500_jpg.rf.e205ba6fcb428524c1307561f49a3e71.jpg,9
AdltStnkBug_107_5500_jpg.rf.ee30952537732dca020e9a2f1f93f401.jpg,9
AdltStnkBug_111_5500_jpg.rf.373f764ccff6b39de32816caeb964f95.jpg,9
AdltStnkBug_113_4500_jpg.rf.ecd2dc9047568de2a2a8ab6870c5cd67.jpg,9
AdltStnkBug_114_4500_jpg.rf.d1ddb480ccd153b1b96531747ec0eee6.jpg,9
AdltStnkBug_116_4500_jpg.rf.225589b419dc3fd9e1b565c9c5c0256e.jpg,9
AdltStnkBug_117_3500_jpg.rf.b0eccf44e7a21de5ec7a41ae31606b01.jpg,9
AdltStnkBug_119_4500_jpg.rf.c7b2478d204f1d40ee82496c27cc837e.jpg,8
AdltStnkBug_119_5500_jpg.rf.288093d9f2e10004e4ca5bccc090bc2f.jpg,8
AdltStnkBug_120_4500_jpg.rf.cd5e8ba909c79074b07f682462a49091.jpg,8
AdltStnkBug_123_5500_jpg.rf.54005d1fbb430ed7fd2426f9cb0866bb.jpg,8
AdltStnkBug_124_3500_jpg.rf.4833bb45507e507277a22587efe74a8d.jpg,8
AdltStnkBug_126_3500_jpg.rf.8dd9866065527cc78ad9d16aa2369ffd.jpg,8
AdltStnkBug_135_3500_jpg.rf.1b6319f16ccceb97780379b93dd55571.jpg,8
AdltStnkBug_136_4500_jpg.rf.068cf9178823c9a75aaa7a44d8006441.jpg,8
AdltStnkBug_138_4500_jpg.rf.51cfbac0c122b139b6323d302393efd4.jpg,8
AdltStnkBug_139_3500_jpg.rf.13376e7886547688188690e6a31085ef.jpg,8
AdltStnkBug_140_5500_jpg.rf.f4426a6c0db427a30bbd6174573f8012.jpg,8
AdltStnkBug_141_4500_jpg.rf.d3c1d8419573151b2ccc7cb0d2c27390.jpg,8
AdltStnkBug_141_5500_jpg.rf.a34c93f48f08763a4e6ea5bab113067c.jpg,8
AdltStnkBug_146_5500_jpg.rf.2d0ba4d7ed1886330576cc79d7e48238.jpg,8
AdltStnkBug_148_5500_jpg.rf.8c7cf1ff022bdc4120e87b6b2604cc10.jpg,11
AdltStnkBug_153_3500_jpg.rf.f5992a6c3498c7643c1b4c792f40ad31.jpg,11
AdltStnkBug_153_5500_jpg.rf.d4ca042bf2b6486ee509347256d5ba57.jpg,11
AdltStnkBug_155_4500_jpg.rf.0c10ed68cc6968e3cf4506b7916350d4.jpg,11
AdltStnkBug_157_4500_jpg.rf.ce1d71d592165d2fb59b6098b074616c.jpg,11
AdltStnkBug_159_5500_jpg.rf.e1000fc0d59ad4be7923a1015bb502d6.jpg,11
AdltStnkBug_160_3500_jpg.rf.f1c093f00086a011028b67985aac1ce2.jpg,11
AdltStnkBug_160_4500_jpg.rf.99d2c597b5b4092a0d88f21f3d61b8dc.jpg,11
AdltStnkBug_160_5500_jpg.rf.1d3806b5843b849e4c59c6e10e34885f.jpg,11
AdltStnkBug_162_3500_jpg.rf.dcd4b279e748a8112674e08e4991368a.jpg,13
AdltStnkBug_162_4500_jpg.rf.e9148860f478712eda599f477301ffe9.jpg,13
AdltStnkBug_164_5500_jpg.rf.206ee271b79b9bd33a929bfef57d6aed.jpg,13
AdltStnkBug_166_3500_jpg.rf.68dbadaa82cff0444f7bdd4f8e902858.jpg,13
AdltStnkBug_166_5500_jpg.rf.150a683d6548a3766b2a0f27b87223b1.jpg,13
AdltStnkBug_167_5500_jpg.rf.7efa82404bbd4c5ab3b0bc69f57b5bf1.jpg,13
AdltStnkBug_168_4500_jpg.rf.291d47cc1ea673342e4ab74d9c357909.jpg,13
AdltStnkBug_168_5500_jpg.rf.964d5b157a2939a275089a521999843f.jpg,13
AdltStnkBug_173_3500_jpg.rf.a65b4dd016d8055281b51e304fcabe20.jpg,13
AdltStnkBug_173_5500_jpg.rf.d69e9ffc15df2cc26976cb4d43da1fba.jpg,13
AdltStnkBug_174_3500_jpg.rf.426849210fc16fa3759469db501ad8c2.jpg,13
AdltStnkBug_176_5500_jpg.rf.735e41c337952e4ce0efc67d4c574770.jpg,13
AdltStnkBug_177_4500_jpg.rf.f3b73263f4ac629b5bead064e6647298.jpg,13
AdltStnkBug_178_3500_jpg.rf.f25319f39efafaecb452f784b3c33e6d.jpg,13
AdltStnkBug_178_5500_jpg.rf.a645303f8bb74e4413f989c7569faeda.jpg,13
AdltStnkBug_180_3500_jpg.rf.d10c32dcb6dddf139e994882731035db.jpg,13
AdltStnkBug_183_4500_jpg.rf.adaddc4c362fc1447b06ddf2e495ac2d.jpg,13
AdltStnkBug_189_3500_jpg.rf.9bc065901e205817cdf7af1eca79542d.jpg,11
AdltStnkBug_192_4500_jpg.rf.a507f15d99fc406b0e15e85d80d206c6.jpg,13
AdltStnkBug_197_5500_jpg.rf.f4955df5fe67919e40f8cac703b5a6f7.jpg,13
AdltStnkBug_199_4500_jpg.rf.2e881b044bd9377f4a557119a72d6754.jpg,13
AdltStnkBug_203_3500_jpg.rf.e3af8ae5dd9c9b2b2bad078fde4cb31f.jpg,11
AdltStnkBug_209_3500_jpg.rf.948a86cb99cb650b233203e40a53417a.jpg,11
AdltStnkBug_209_5500_jpg.rf.5210695d8b865d96f9513e2c0affe0a4.jpg,11
AdltStnkBug_210_5500_jpg.rf.f8f19067b658c94fb7df5ab29164d2b8.jpg,11
AdltStnkBug_212_3500_jpg.rf.acc6ce62de3f67f93484d6f008690fe7.jpg,11
AdltStnkBug_212_4500_jpg.rf.910ef487936b5bebef538a4a0b2d6cfd.jpg,11
AdltStnkBug_213_5500_jpg.rf.3606dd91c5e70314e62b912f3e1b2f87.jpg,11
AdltStnkBug_214_3500_jpg.rf.ffbcf84076d3bfba85687376c9f48888.jpg,11
AdltStnkBug_215_3500_jpg.rf.d5b30b86350e7bacf5a4838ec19733d4.jpg,14
AdltStnkBug_215_4500_jpg.rf.c683f43cf2c5aab4933078b068cb9a25.jpg,14
AdltStnkBug_216_3500_jpg.rf.06f58e4dc78f9cc7d2cae5c78003478c.jpg,14
AdltStnkBug_217_4500_jpg.rf.c1033534fde44790cb966da03e4a2b8c.jpg,14
AdltStnkBug_218_3500_jpg.rf.06d5a99a6911814346635420a1988217.jpg,11
AdltStnkBug_220_4500_jpg.rf.e1b49cff5b8685f8bd3924a70de2d77a.jpg,11
AdltStnkBug_221_4500_jpg.rf.f290c9d0c006d6a187b24d76303c27ca.jpg,11
AdltStnkBug_223_4500_jpg.rf.ca3389fbfc706302979246b5a293326c.jpg,11
AdltStnkBug_225_4500_jpg.rf.762206d011bdd65b5026c61ad3200282.jpg,11
AdltStnkBug_226_3500_jpg.rf.9c11eebdd3655f21712c0428baca61b0.jpg,11
AdltStnkBug_226_5500_jpg.rf.380b9fca73423824552bdb438afd1f43.jpg,11
AdltStnkBug_229_4500_jpg.rf.8be98a02162441fd3876c59ae7001809.jpg,12
AdltStnkBug_247_4500_jpg.rf.b768b1002a68b277d81980dad31b8e79.jpg,8
AdltStnkBug_250_4500_jpg.rf.f3e60db9e61c4b9ea03970d4589aac2f.jpg,7
AdltStnkBug_253_3500_jpg.rf.15a90b2c89cc7fa0f6ece9aa01296cba.jpg,8
AdltStnkBug_254_5500_jpg.rf.94e8ac849f0ee6091065a74a99fef6ed.jpg,9
AdltStnkBug_262_5500_jpg.rf.e39f9408558f4b766c7ae1de25fe6ef1.jpg,11
AdltStnkBug_265_4500_jpg.rf.f6f53e6c7ba688797631b092daf2f904.jpg,11
AdltStnkBug_265_5500_jpg.rf.31cc7801e37eee76f1c30bc00763342e.jpg,11
AdltStnkBug_275_4500_jpg.rf.71bbcd560643c9063071fb94fc2a9753.jpg,9
AdltStnkBug_276_3500_jpg.rf.bb9e5bbab2efa5471784c6999ea09385.jpg,7
AdltStnkBug_277_3500_jpg.rf.4b274b25a5ae2b17ab6e0bd34d640a6e.jpg,8
AdltStnkBug_278_4500_jpg.rf.b211a2730f056febac0a2f91f72aecee.jpg,8
AdltStnkBug_278_5500_jpg.rf.a0709fd4dec48cb1c5042f0ba25061e4.jpg,8
AdltStnkBug_281_4500_jpg.rf.272d153ee88d9bb35da186a47d0ad54d.jpg,8
AdltStnkBug_283_3500_jpg.rf.89ca49e747ca139affb68c5c14e0adbc.jpg,8
AdltStnkBug_286_3500_jpg.rf.ce27d5df3234f5b74ec1ad7bb225e9d5.jpg,9
AdltStnkBug_286_4500_jpg.rf.1e836302ac4a7a1340d6c64970fcbead.jpg,9
AdltStnkBug_300_3500_jpg.rf.3ece82283515e6b9334b69a1629172b4.jpg,13
AdltStnkBug_301_4500_jpg.rf.e9efd2e1a37c904c4fc02416f54918f3.jpg,18
AdltStnkBug_303_4500_jpg.rf.5bc4e69fc96e567d302364df3436aaa8.jpg,14
AdltStnkBug_304_3500_jpg.rf.6d8a958b8ea2b4113ce86da6cf53587f.jpg,14
AdltStnkBug_304_4500_jpg.rf.5540fbea898a79e8eea8efcdd4674cbd.jpg,14
AdltStnkBug_306_4500_jpg.rf.6bfe8ad4d914348d0e5159d8828d6c46.jpg,14
AdltStnkBug_307_4500_jpg.rf.58ec1ca3ca167f3847dc4b22d7c1ced9.jpg,14
AdltStnkBug_309_5500_jpg.rf.d7a5ec563087fd748e0545ee58262e1f.jpg,14
AdltStnkBug_312_5500_jpg.rf.78ae9999b875f71c4ced3e74cfd336d9.jpg,15
AdltStnkBug_313_5500_jpg.rf.daea82ac504be9b4b1ddd4cdbfdc6f32.jpg,15
AdltStnkBug_322_3500_jpg.rf.133ab6930d3bfae5c5a190ee1a944e1c.jpg,15
AdltStnkBug_325_4500_jpg.rf.5e83d82b625e488a7484b277f574a62f.jpg,15
AdltStnkBug_329_5500_jpg.rf.69d6715f62dfcabb27e7d9b5372fdcd3.jpg,14
AdltStnkBug_332_5500_jpg.rf.78f1dfb1127de8f4d463787e8403bd76.jpg,13
AdltStnkBug_334_3500_jpg.rf.88d4b32883c6575e1e67afc722583019.jpg,13
AdltStnkBug_336_5500_jpg.rf.d6151419b895b22298c31a7715980817.jpg,13
