image,true_count
DSC_0015_jpg.rf.374544fd6743d638c4763e8214f7d1eb.jpg,6
DSC_0015_jpg.rf.3845576b2bfd2605b6e7d5abf1feba48.jpg,6
DSC_0015_jpg.rf.66920b5d757b16532834f8cd2eedf577.jpg,6
DSC_0015_jpg.rf.9b49bc2f3982c5b693ae93a042938ce6.jpg,6
DSC_0015_jpg.rf.9fcd801667a2703ca21056d4fb66c22c.jpg,6
DSC_0015_jpg.rf.b4e79148ced35fa63102bb36a85e92f7.jpg,6
DSC_0015_jpg.rf.b9b5dd2cbae1d127d25709c016de266e.jpg,6
DSC_0015_jpg.rf.e3fd0c464795ce4d7d294363d7cfd884.jpg,6
DSC_0015_jpg.rf.e785411f16baf8b73a9eb96fad319f10.jpg,6
DSC_0015_jpg.rf.ef7bf3c61241731865c9e9052a36dd68.jpg,6
DSC_0019_jpg.rf.0a98a4ca8c6a5bcc2c801fca76851796.jpg,3
DSC_0019_jpg.rf.23bd819b0323effbf815b0bc4fdfb211.jpg,3
DSC_0019_jpg.rf.3e3e5f704a5dd04cb507f7d7c8fa341c.jpg,3
DSC_0019_jpg.rf.4b0ee8af53857ad29998259a2a03f371.jpg,3
DSC_0019_jpg.rf.514c215a9caaaab25818e07b18eb73ca.jpg,3
DSC_0019_jpg.rf.5563c867c59d166c49cd776cf759f309.jpg,3
DSC_0019_jpg.rf.5bb0a9d4071e7d2ae42598868bd2517e.jpg,3
DSC_0019_jpg.rf.c77d1e4ad2084b14f524e1e31f088d59.jpg,3
DSC_0019_jpg.rf.d2aede9754965f0a0c02b306c6999fb9.jpg,3
DSC_0019_jpg.rf.dac066b98f54523e5df9fc950c6eee09.jpg,3
DSC_0020_jpg.rf.179237908a1bc4aad2f63ca058d2a65d.jpg,1
DSC_0020_jpg.rf.222b0ec6413112e184cbcf90d90f01aa.jpg,1
DSC_0020_jpg.rf.28e9eaac436a6d4825da21d9eab03898.jpg,1
DSC_0020_jpg.rf.8fd6cfdf2458a06a8672d8018cfce764.jpg,1
DSC_0020_jpg.rf.94785197646b26d7969e584ced71c624.jpg,1
DSC_0020_jpg.rf.a869d0bafea6c1af4ef539627465b7a4.jpg,1
DSC_0020_jpg.rf.b9f0099e57cc611d9e365ac36b5105d7.jpg,1
DSC_0020_jpg.rf.be40cb7e3f699d97251ca22b2835f4e6.jpg,1
DSC_0020_jpg.rf.c6f788429d7ebd8857c9f7c2023634dd.jpg,1
DSC_0020_jpg.rf.f02c8a65c8b6130691ce36dfe277d287.jpg,1
DSC_0021_jpg.rf.7206a77608661240b8c15b259de001b0.jpg,2
DSC_0021_jpg.rf.75e604bb4052cfc158c3409b6d079980.jpg,2
DSC_0021_jpg.rf.8116d7f3ecb552f5eb600fabbf88e9a0.jpg,2
DSC_0021_jpg.rf.97de01f85be80bf5bd8510b7cb4d7fda.jpg,2
DSC_0021_jpg.rf.a30d1fecc50592608c803fde1aab1fe5.jpg,2
DSC_0021_jpg.rf.b80d18a221f0b7b69e439756063d23ff.jpg,2
DSC_0021_jpg.rf.d8fe5109fd6609b11c8f0bdb7aa1d587.jpg,2
DSC_0021_jpg.rf.d9904a4b716c8409c60559066ce36218.jpg,2
DSC_0021_jpg.rf.ecbbb3da79578ff3bd4e8fc2ad04f421.jpg,2
DSC_0021_jpg.rf.ff2265b1f09e7d20bb23e2c0fc29ac48.jpg,2
DSC_0024_jpg.rf.0f3e64cb6bc3c99dd68c778479664559.jpg,5
DSC_0024_jpg.rf.220cb952af0aab4f3c4a11dcf34460ac.jpg,5
DSC_0024_jpg.rf.2d56396b36eb315c72e3aefdd63de7f8.jpg,5
DSC_0024_jpg.rf.49911eef26ec8269269d9b5d32ff1207.jpg,5
DSC_0024_jpg.rf.4ee882890a2234623c3bd2a8b15cdf29.jpg,5
DSC_0024_jpg.rf.6bed5e48406fd8ba01cfbb00dc0aa0f1.jpg,5
DSC_0024_jpg.rf.81d45713e1925402cc7ecd87d08f4097.jpg,5
DSC_0024_jpg.rf.a78f0c4d03496c00317b37db7bba53e3.jpg,5
DSC_0024_jpg.rf.a91ec79e2d2d5b7b59e2f8c1f0166c10.jpg,5
DSC_0024_jpg.rf.cb526fd58d5da30d3c91045147b743b7.jpg,5
DSC_0030_jpg.rf.09e0d1f5b95a6c32771d638f4daf9229.jpg,7
DSC_0030_jpg.rf.0f295926142b1af1811727e5d5f67da9.jpg,7
DSC_0030_jpg.rf.12ae78df2fb65aee467f1612cc23e6d1.jpg,7
DSC_0030_jpg.rf.24f6678bd4edfa89127877165205fb64.jpg,7
DSC_0030_jpg.rf.5f221ef356ae110cc3af05e4d5e26f97.jpg,7
DSC_0030_jpg.rf.91837d3af1d5293eb82cba6b764833f1.jpg,7
DSC_0030_jpg.rf.ad4e87ec3dc813bb62ef9ecb397ea1b9.jpg,7
DSC_0030_jpg.rf.b00f5d1f68c35d9e9fc3906c1909d43d.jpg,7
DSC_0030_jpg.rf.b346ccb99c34f36b2d72d1ac56ea010c.jpg,7
DSC_0030_jpg.rf.d15f5955564aa57560cdf922cc59eb0d.jpg,7
DSC_0037_jpg.rf.05a6fd99b144c18001f2d48244e7760f.jpg,2
DSC_0037_jpg.rf.0d74309b266d49c810e62e2aa61fc2a1.jpg,2
DSC_0037_jpg.rf.28e0b33ca6061f0f2e099d464d57d0de.jpg,2
DSC_0037_jpg.rf.401fe814f40583fe4ea3310f1c475a7c.jpg,2
DSC_0037_jpg.rf.4de84b0df62a1f2f8402d96aeeed869e.jpg,2
DSC_0037_jpg.rf.54aaf41a65434179c39701172e940396.jpg,2
DSC_0037_jpg.rf.aabf47da379fdd813b4df169250d2059.jpg,2
DSC_0037_jpg.rf.b0b0d51c36efe11105e90454d57df6a4.jpg,2
DSC_0037_jpg.rf.c30dad33c8602de355ec8cdb4ab6d0a6.jpg,2
DSC_0037_jpg.rf.c5267e8855fc9e31051846b1ee8ee5b7.jpg,2
DSC_0040_jpg.rf.1c9b7064d26082c6ae2e530fa6b863a0.jpg,4
DSC_0040_jpg.rf.2d6d89bacc6dbb9d9631803dff3fceb3.jpg,4
DSC_0040_jpg.rf.318d75f879dea1c0878a294433177e53.jpg,4
DSC_0040_jpg.rf.3a1263484b0e21b91c453f029d59b95c.jpg,4
DSC_0040_jpg.rf.43f3bb43f31a33a1481d06ddcecd0621.jpg,4
DSC_0040_jpg.rf.634243404e7fdb7481bd502e5224d921.jpg,4
DSC_0040_jpg.rf.658d84e1a48e125d9ac9f3e40bfe4ebc.jpg,4
DSC_0040_jpg.rf.83832b4872f6f7f28c44626e945d10ee.jpg,4
DSC_0040_jpg.rf.90a7db5865bf20ea231f3df9b32fe49f.jpg,4
DSC_0040_jpg.rf.b494e35fd1b11be84b53c5ca60599321.jpg,4
DSC_0041_jpg.rf.018411251512a5b7d3c94ea61ff27b77.jpg,4
DSC_0041_jpg.rf.2de6647805b322352dc0e323fda59d48.jpg,4
DSC_0041_jpg.rf.3f0cf472ed955c537ee2625f811f4956.jpg,4
DSC_0041_jpg.rf.56d5afc0d0b97f112e90bd5d3ca1ff22.jpg,4
DSC_0041_jpg.rf.8faedfa05aa66ef5cebf94c8508c6488.jpg,4
DSC_0041_jpg.rf.98fa673bfa065069dda30bd407fb1290.jpg,4
DSC_0041_jpg.rf.9a38cdd5bafa12163237ec3255a2959a.jpg,4
DSC_0041_jpg.rf.9d30299fa9f5045fbb1204a7a6825dce.jpg,4
DSC_0041_jpg.rf.c359b5fc300a4e7418ef429e69b2879b.jpg,4
DSC_0041_jpg.rf.c7d65b80b31f3a93ba267eeb1ab0018f.jpg,4
DSC_0046_jpg.rf.0098f3956ae43223aff2ff34de1471f5.jpg,11
DSC_0046_jpg.rf.0236b0804127eeb5d48edc5b3d676035.jpg,11
DSC_0046_jpg.rf.0f07069c9163556675da9f2eae2f9822.jpg,11
DSC_0046_jpg.rf.18c8bde1983ec1a23dcb37e7589d7c49.jpg,11
DSC_0046_jpg.rf.4e715c910b696a83de492ba42b8e701c.jpg,11
DSC_0046_jpg.rf.77d12e223f0003f4aa7d767067f827b1.jpg,11
DSC_0046_jpg.rf.7e7df6fe3570ef90cb691f79e4287b51.jpg,11
DSC_0046_jpg.rf.91aa4a19d3c6a7970d5174c95a107c41.jpg,11
DSC_0046_jpg.rf.a422e1466a2363021dc59882aeea001d.jpg,11
DSC_0046_jpg.rf.e55d69626e8b055b57c7958972f5b788.jpg,11
DSC_0047_jpg.rf.23f78cf4ded55218c96baafb74bed714.jpg,9
DSC_0047_jpg.rf.25b28948f23f4b7641dbda6ed2895754.jpg,9
DSC_0047_jpg.rf.25fd5b545bec5f6dd06e9698b6cf4484.jpg,9
DSC_0047_jpg.rf.390b56cb34352f776943fb02aef17bcf.jpg,9
DSC_0047_jpg.rf.3c97cb14a9c9d710eb55edd26c936c2e.jpg,9
DSC_0047_jpg.rf.50ea47d2476e8933c4650d76d9cfc106.jpg,9
DSC_0047_jpg.rf.96297501f8956ab2516f797dcf09e8c3.jpg,9
DSC_0047_jpg.rf.be892c5f305d3af554dba09500d8fab6.jpg,9
DSC_0047_jpg.rf.bf51072b6baaee988bc4cfddab71ccda.jpg,9
DSC_0047_jpg.rf.fdad7fc5ca75b2f761ef7787b6035510.jpg,9
DSC_0048_jpg.rf.107c7620d0967646a8f20b78ee272ce5.jpg,8
DSC_0048_jpg.rf.35f635e337b3db1cb3d1bff1a9a6e8a3.jpg,8
DSC_0048_jpg.rf.458cf15159274bc46628b2cd8893d00d.jpg,8
DSC_0048_jpg.rf.55bbac7a30e34373d0738293c8eb9c4a.jpg,8
DSC_0048_jpg.rf.632b5037556febfcd78099a37fb1e6ed.jpg,8
DSC_0048_jpg.rf.725e6c5e97524120c1cab0b3690f625f.jpg,8
DSC_0048_jpg.rf.a660e73a00fca508d4b85bd67574affa.jpg,8
DSC_0048_jpg.rf.c23f113f0628af82bbe3ce0d719be5e5.jpg,8
DSC_0048_jpg.rf.ca228ef08bb55a8580246bc5017f8d54.jpg,8
DSC_0048_jpg.rf.d3cb1027a8f7165a97b3fe7314ebbb3a.jpg,8
DSC_0051_jpg.rf.0cd9d58bd27cdd3adf2200c804f9a6a5.jpg,5
DSC_0051_jpg.rf.3fe556a0aa729fb1330a7417bcb26d2f.jpg,5
DSC_0051_jpg.rf.525fa378f7f25d446d0524b07ce1a7fb.jpg,5
DSC_0051_jpg.rf.5ed9c0aaaf2eb5d9a82c06cdec17ebb7.jpg,5
DSC_0051_jpg.rf.62861bc03bcc95c988d4cd0486346392.jpg,5
DSC_0051_jpg.rf.77c2ee77802b339075af2aa3ba1246f0.jpg,5
DSC_0051_jpg.rf.80733cfd91aa6ad8c96062471afb49da.jpg,5
DSC_0051_jpg.rf.8f5d6ec5da59ff11dc33fa7d9c16c6fe.jpg,5
DSC_0051_jpg.rf.aa9bdc330dcdf162d5f65b1ec8e6cd17.jpg,5
DSC_0051_jpg.rf.abf05660c85a94bbae38e68506b1d34c.jpg,5
DSC_0052_jpg.rf.224d6d8a8b99ca1929f1e7657c115c66.jpg,5
DSC_0052_jpg.rf.485c9ab2e59a3af3e573e72cbec07b30.jpg,5
DSC_0052_jpg.rf.5b1275c304bc7defd044e8caaa8a7e16.jpg,5
DSC_0052_jpg.rf.7a13a841e1f49fc0abc9942d24eda50a.jpg,5
DSC_0052_jpg.rf.953cb7eba7cb6aadcc44ca432a1a2b33.jpg,5
DSC_0052_jpg.rf.9a97193435779b0a9b3d44a705f80526.jpg,5
DSC_0052_jpg.rf.a5d15fa189258afcaa4620982c0fd722.jpg,5
DSC_0052_jpg.rf.a73aaf069f27b23d2e2fe3aca8fcd201.jpg,5
DSC_0052_jpg.rf.b6615a5510272a694c2cf5db99cd0694.jpg,5
DSC_0052_jpg.rf.b78fbde60398357dc6306f708d12b38e.jpg,5
DSC_0054_jpg.rf.14a9afff25f35293cd49e9bc55109954.jpg,11
DSC_0054_jpg.rf.647f9ecf74b8fb6ee3369701dbd9c1e7.jpg,11
DSC_0054_jpg.rf.754e20044820215cfcf218becbc750c9.jpg,11
DSC_0054_jpg.rf.821904e56be23930a36c44611361473b.jpg,11
DSC_0054_jpg.rf.c527655090ad83a9c5c30ac8cf182225.jpg,11
DSC_0054_jpg.rf.cc91fba61e305d331bcd445e4ac6bed0.jpg,11
DSC_0054_jpg.rf.d4c19ea1fc38627f1b7fd42a9672395b.jpg,11
DSC_0054_jpg.rf.e1ad40301a6ec64a16c8b4a4afa8046d.jpg,11
DSC_0054_jpg.rf.ee2068e659d30f1985d6dc923894a170.jpg,11
DSC_0054_jpg.rf.f99cde2417589cfa2bf9556d612f50e2.jpg,11
DSC_0055_jpg.rf.12214e49d7505caadb4467b6f888cc98.jpg,9
DSC_0055_jpg.rf.168d94959bf750e9ddcc1f313c1fa9a2.jpg,9
DSC_0055_jpg.rf.1da4a9d5b80412260ef05eeed489a2f7.jpg,9
DSC_0055_jpg.rf.58f743d865088e8fedd9150281b1629f.jpg,9
DSC_0055_jpg.rf.5e2bd917c0b49d484a3ff14deaa3d0a6.jpg,9
DSC_0055_jpg.rf.6686844cae08eee72faa37c91f707674.jpg,9
DSC_0055_jpg.rf.8d78fd10a53a8f7f678628b272016618.jpg,9
DSC_0055_jpg.rf.9d8f612f5bee781cb1e0300e53a304b2.jpg,9
DSC_0055_jpg.rf.a05ffabc7e72d532f44f33d84e49373e.jpg,9
DSC_0055_jpg.rf.a0ac199b68c7209ae2986c30def6df6d.jpg,9
DSC_0057_jpg.rf.188cd157171392d548eaadb031681d7b.jpg,9
DSC_0057_jpg.rf.2b377b986651fd4215ad0f1a77a71cfd.jpg,9
DSC_0057_jpg.rf.2ca405b86c8ae42598dfe29f22365da4.jpg,9
DSC_0057_jpg.rf.7c8bf119b9e1f8baf3c3ef304281a66b.jpg,9
DSC_0057_jpg.rf.8edfd222dafdaad71e275a0c50c5a3d6.jpg,9
DSC_0057_jpg.rf.8f5b82e631452a393fd9ec645b5f59a8.jpg,9
DSC_0057_jpg.rf.ca8354f407ef5f8360028d784e7eae74.jpg,9
DSC_0057_jpg.rf.dc811bfcc5e2913dd3b3975c6a343164.jpg,9
DSC_0057_jpg.rf.e96b24200f6d28ea89d679022fab9f28.jpg,9
DSC_0057_jpg.rf.ea56ef27c8e5d1a96ddf8b98fbd82831.jpg,9
DSC_0059_jpg.rf.37dda077fe8241fdc68511e03394eda6.jpg,9
DSC_0059_jpg.rf.3b9ab04dc69bf0decc2107b61acc554d.jpg,9
DSC_0059_jpg.rf.502e628f3eb56852dfcf7bb7c67cd7f3.jpg,9
DSC_0059_jpg.rf.79fbb65c0147da5ab76ed4a7cc95a9e9.jpg,9
DSC_0059_jpg.rf.7cf5502db4a939b9364e18b7f3c0a0ff.jpg,9
DSC_0059_jpg.rf.8b7b6c26450869e6560079380f3e7e7a.jpg,9
DSC_0059_jpg.rf.bcba3b031b72d7cfe0797cb7b22329ed.jpg,9
DSC_0059_jpg.rf.cd17706829167069c78bdb184b3b0f16.jpg,9
DSC_0059_jpg.rf.e1b7307e8441048131aa0a422a5c5c05.jpg,9
DSC_0059_jpg.rf.fdc7eeee360f084f8f9bac88e28ede4c.jpg,9
DSC_0062_jpg.rf.0462e09eaba43e0c5dd51d8d8c6ef157.jpg,9
DSC_0062_jpg.rf.636efc889c07cbe56c1cf1b510c15a35.jpg,9
DSC_0062_jpg.rf.678a3108ddea4a57cd2cf6c7953b180e.jpg,9
DSC_0062_jpg.rf.6f02d4f4a27f4a633a0a2ee2f889a40c.jpg,9
DSC_0062_jpg.rf.76cece25031e2325d514510abbe445f9.jpg,9
DSC_0062_jpg.rf.ab95a6186fb203fadbab3219a9c33467.jpg,9
DSC_0062_jpg.rf.aefa4593c9ee519cb95e019df0eaa6c5.jpg,9
DSC_0062_jpg.rf.d851165ea1677b4910eeca8f39fb7014.jpg,9
DSC_0062_jpg.rf.de10d4bee1861fd8cd3b5e89880e972f.jpg,9
DSC_0062_jpg.rf.e85dedc2fe094a09555db47d65790934.jpg,9
DSC_0066_jpg.rf.1d4e9c4f083a490da0e7d5dd08838583.jpg,10
DSC_0066_jpg.rf.379eaee4efca27ee916ab38690539cc6.jpg,10
DSC_0066_jpg.rf.3b8f410c06ca946ac6e4dcf335b9c0a4.jpg,10
DSC_0066_jpg.rf.5dbbc00a2cd62fa5b75cbcabfb546b71.jpg,10
DSC_0066_jpg.rf.884701ecda9af8882a7aecc8cbc8bb2b.jpg,10
DSC_0066_jpg.rf.b0b2cd67622f085fbbb552712fe3cedb.jpg,10
DSC_0066_jpg.rf.c51a0a67cd671d30481916e6d5944f70.jpg,10
DSC_0066_jpg.rf.cf8024d36f23da7af5cc7557bb33c5e4.jpg,10
DSC_0066_jpg.rf.dabba86798185a136df99d337b19e04d.jpg,10
DSC_0066_jpg.rf.eafc8314651ae3e82f71c2efdb82fb10.jpg,10
DSC_0068_jpg.rf.0a1dbec21bccde3949b9f5b15f773264.jpg,9
DSC_0068_jpg.rf.1965981fb55aa86d4f6b7673c93977d7.jpg,9
DSC_0068_jpg.rf.2b637a88ce4e2478a024abb3137486ed.jpg,9
DSC_0068_jpg.rf.3595988df5a8aca2f651a0cee8ec931f.jpg,9
DSC_0068_jpg.rf.4b55f300306f45ffc3c41e54fd6738ab.jpg,9
DSC_0068_jpg.rf.57c29fbb7f34b1861666e1aaffcacd5b.jpg,9
DSC_0068_jpg.rf.cf0b8be8e0d2759fa652b6ec5739188c.jpg,9
DSC_0068_jpg.rf.e571194691f354a6af43a70a5e70070d.jpg,9
DSC_0068_jpg.rf.f08cfcd21591729b879af059008bbab8.jpg,9
DSC_0068_jpg.rf.f35977975729efeb3f520d13647b6cb1.jpg,9
DSC_0069_jpg.rf.1e4f3f28511bf75ea0ea6f230f46c40d.jpg,10
DSC_0069_jpg.rf.226d4538346eb01184bb1a2d5a7ec634.jpg,10
DSC_0069_jpg.rf.293eb0d1350a2054bec448cbbf12dc28.jpg,10
DSC_0069_jpg.rf.3db0bb81fc38ec4bc4d29f9a179a2186.jpg,10
DSC_0069_jpg.rf.646dbdf3957bb88110d28060d43daa35.jpg,10
DSC_0069_jpg.rf.828b2b29ccf593b4a69f4fd3ce68af1a.jpg,10
DSC_0069_jpg.rf.8cc4426f0e01bb167c537c1c56d717b1.jpg,10
DSC_0069_jpg.rf.966e8baab3482abd9793c5f8e1b29535.jpg,10
DSC_0069_jpg.rf.c51b8cc2a2cb3e14e4c2508b80d1a4c1.jpg,10
DSC_0069_jpg.rf.c73bd1871ac4a0d5212201ed9f8e2171.jpg,10
DSC_0073_jpg.rf.092727bb53cc0e491fbce01527a40331.jpg,9
DSC_0073_jpg.rf.27581adb7072c288f0bd5bc7e2ca48cf.jpg,9
DSC_0073_jpg.rf.3d44660731ea6db259fc166b72311570.jpg,9
DSC_0073_jpg.rf.3e9a0cdaf07de112f31c75cde4d45b7a.jpg,9
DSC_0073_jpg.rf.5a86ed031864fb7bf806ca19775f55ff.jpg,9
DSC_0073_jpg.rf.60b348b91994d9fb3bddad57a7b070ac.jpg,9
DSC_0073_jpg.rf.6c37196da3b14992971706e31fcc3425.jpg,9
DSC_0073_jpg.rf.8dc63134f578cb46e5b5d548063d2695.jpg,9
DSC_0073_jpg.rf.b7097fa259d586716a57ed1c07c21f7f.jpg,9
DSC_0073_jpg.rf.ebbe3e9fbf04389f7f528e78a179d22b.jpg,9
DSC_0076_jpg.rf.1111ca3a9274e4d86f0894634c0011d3.jpg,5
DSC_0076_jpg.rf.2d8923ac0622d8164996e1a668e5ab58.jpg,5
DSC_0076_jpg.rf.4d92943fbb9af0ef985397a21aed5ac0.jpg,5
DSC_0076_jpg.rf.6bd8b4138ea698e0a650362fdff5eb42.jpg,5
DSC_0076_jpg.rf.6dc9fbb1e2c742a1a0cc927bfc47d4c4.jpg,5
DSC_0076_jpg.rf.813be9bcae1d88b049a1266dd7f413e8.jpg,5
DSC_0076_jpg.rf.a46ee36af91e1903e5ce20ad65c15b23.jpg,5
DSC_0076_jpg.rf.a7dda2dc81dcab0ceafdf9259fc6f761.jpg,5
DSC_0076_jpg.rf.be41958996e63fc29b628f2ac1842e80.jpg,5
DSC_0076_jpg.rf.ff13930017a8a12a8feeae3510c9beff.jpg,5
DSC_0078_jpg.rf.21d7a0f8ffe7d120e466acd793d80074.jpg,6
DSC_0078_jpg.rf.29372e6b6871380c784c3efc97cfd654.jpg,6
DSC_0078_jpg.rf.4f5e0e69b742cd20496884c49b45bd03.jpg,6
DSC_0078_jpg.rf.94c94cf749fa5b6fd663186cc5b5c512.jpg,6
DSC_0078_jpg.rf.99ca2f70d79315fc0bdcad315224966c.jpg,6
DSC_0078_jpg.rf.b25a413373978722b7aa48b78833506a.jpg,6
DSC_0078_jpg.rf.b935f31a2f05cf07629518e89b94168b.jpg,6
DSC_0078_jpg.rf.d1ae6332d91f6a35376d51e2b8de37c3.jpg,6
DSC_0078_jpg.rf.d586981cf5536cf2ba2118a739310fe8.jpg,6
DSC_0078_jpg.rf.fec34c40e4b15bd7e0c5a2f591112172.jpg,6
DSC_0081_jpg.rf.0c71a43bb50869fa5626e88e62a1f983.jpg,9
DSC_0081_jpg.rf.197d6ae5e5eae1fbc3fba36a8eb8b701.jpg,9
DSC_0081_jpg.rf.401e96c54ca512c66e7483fe07bd4c97.jpg,9
DSC_0081_jpg.rf.578b9cb41adfdc481e74d149e32ea6d8.jpg,9
DSC_0081_jpg.rf.5ea55dba87f2e3cd5d5c43cef1dfbbc9.jpg,9
DSC_0081_jpg.rf.6d08c06f55215c5909eeee3c183e99af.jpg,9
DSC_0081_jpg.rf.82aabadfc03e9a9899a0d34dc7cad57c.jpg,9
DSC_0081_jpg.rf.b1080d7287d2f3e2e2593f4103365174.jpg,9
DSC_0081_jpg.rf.f97ca842ef40b6f1d1b0858648c40e9c.jpg,9
DSC_0081_jpg.rf.fe525256bab356e8e301f3f3fc85f99c.jpg,9
DSC_0083_jpg.rf.19657b205fbc7956d13da5ba310dff81.jpg,11
DSC_0083_jpg.rf.1e0fdf6b6e9334fe1b63d1402f525a56.jpg,11
DSC_0083_jpg.rf.1f3dadf57ef0f98b504020157b73dac3.jpg,11
DSC_0083_jpg.rf.45e083fb16add64e5be2c2d7e8b6a2ae.jpg,11
DSC_0083_jpg.rf.8055c091fabe19f437efe0525848467c.jpg,11
DSC_0083_jpg.rf.8fac2ec9b62b967513097fd00423c238.jpg,11
DSC_0083_jpg.rf.93869876fe5bf4594ea3fdb146425230.jpg,11
DSC_0083_jpg.rf.a3f628a9e1d5a64e0795ef9f158b5c6c.jpg,11
DSC_0083_jpg.rf.b7857e8156959c1caba720b78d4c88d2.jpg,11
DSC_0083_jpg.rf.e008d2d99bcf6b114b4facc53ef0d722.jpg,11
DSC_0085_jpg.rf.04f19f0383fd7c2cd08f61356a86c7c5.jpg,7
DSC_0085_jpg.rf.0babfd9bb9e0db3238f84053485e6db0.jpg,7
DSC_0085_jpg.rf.3febe36dbf0db1338230b6b3dd764b8b.jpg,7
DSC_0085_jpg.rf.623280aa7e2e5534c1dde7a9f832cf71.jpg,7
DSC_0085_jpg.rf.7fb5369e44eed6ef84f4cce86dbcf70c.jpg,7
DSC_0085_jpg.rf.84368c17037565efc69a9639a7f0d19d.jpg,7
DSC_0085_jpg.rf.c61d4443d425fdbf6d835f818a8e6a79.jpg,7
DSC_0085_jpg.rf.c62c97d36f24fb50b18ec1bd5aabf81e.jpg,7
DSC_0085_jpg.rf.c799d651f9955384216f981ddabcfbe9.jpg,7
DSC_0085_jpg.rf.f114ade6ec3d739d5dda721e3f7d9bbe.jpg,7
DSC_0088_jpg.rf.0b4a0b476701838f06738bdbcfed39ea.jpg,1
DSC_0088_jpg.rf.1b65063af9391989a50a59637138b30b.jpg,1
DSC_0088_jpg.rf.23d7c8cd3019f5ff910e022dc6a160c1.jpg,1
DSC_0088_jpg.rf.467eb882a6718a66dd20b5bfbfea1026.jpg,1
DSC_0088_jpg.rf.46f65b83de5a292b7216db704281624a.jpg,1
DSC_0088_jpg.rf.57a5d14735feb0f575754f460a6e503b.jpg,1
DSC_0088_jpg.rf.6178b61a513526780407a5a4f0fa92c3.jpg,1
DSC_0088_jpg.rf.8bf70bdd7b86505a38e43fb9f860fb06.jpg,1
DSC_0088_jpg.rf.afe718f48a1415534100f512bde3c81d.jpg,1
DSC_0088_jpg.rf.b0d80eb6246146d56c6e10310ea40a06.jpg,1
DSC_0089_jpg.rf.0f244fce650ba781bff9d9b885e73f3a.jpg,1
DSC_0089_jpg.rf.1c7eecc3d3e7fb5013d331d8b9a9a9dd.jpg,1
DSC_0089_jpg.rf.24427e8c89ac6c51620b5db9b735ec55.jpg,1
DSC_0089_jpg.rf.2ca7fceb2084a0da634ab493dbc9c5c7.jpg,1
DSC_0089_jpg.rf.5250a5183c6ffe0ee0a88ff94dbe7a48.jpg,1
DSC_0089_jpg.rf.868dfcbf4cd027dfdf9a9f3c8657c78f.jpg,1
DSC_0089_jpg.rf.8bd7d9afa736c0b4437ada953ef94e82.jpg,1
DSC_0089_jpg.rf.d019942c01bfcca90f98243c88639051.jpg,1
DSC_0089_jpg.rf.de89140aa15264da05296f2b3978698d.jpg,1
DSC_0089_jpg.rf.f2c56d96e4c0bbbbbcf95caf9547a6dd.jpg,1
DSC_0099_jpg.rf.0c3532dbc36a5670becf9fc5d446aec4.jpg,0
DSC_0099_jpg.rf.0f0339b5f604a0b2bc4ec9c902b4806d.jpg,0
DSC_0099_jpg.rf.39505b0132240b9986ad1fed050dcf09.jpg,0
DSC_0099_jpg.rf.43b9761a569cbd9293686cf690b69965.jpg,0
DSC_0099_jpg.rf.52be0848e107ef3a1658e7f9e498a111.jpg,0
DSC_0099_jpg.rf.84a4bc51133bd11b9c98b5c1f74cf331.jpg,0
DSC_0099_jpg.rf.87b14add78444cdac2073a843be46082.jpg,0
DSC_0099_jpg.rf.91197efea26a9094af557cbedbb4a126.jpg,0
DSC_0099_jpg.rf.bfb64f3d85644f1312352348f8c93d72.jpg,0
DSC_0099_jpg.rf.ead93649d71cc52ec1f68f5e66759795.jpg,0
DSC_0110_jpg.rf.0f6a26e831005c012bcbe678ab500c1f.jpg,1
DSC_0110_jpg.rf.2785987d5746ef4b7e76b33f12ee9cbe.jpg,1
DSC_0110_jpg.rf.3f3d13130cacde48f034037a7094d341.jpg,1
DSC_0110_jpg.rf.4e336a2c04447a007fb3d3c2c1267481.jpg,1
DSC_0110_jpg.rf.7321d4f4a03bd6a206a295b6fab85a0c.jpg,1
DSC_0110_jpg.rf.af62cf2471e3e6a0b54b0952a373bff6.jpg,1
DSC_0110_jpg.rf.c25324741e9d984fe357f3435c41b0a3.jpg,1
DSC_0110_jpg.rf.d92aaa59a7504a50066ed6546a166ca9.jpg,1
DSC_0110_jpg.rf.dd274047cbd78e0a3bce949451b6e9a3.jpg,1
DSC_0110_jpg.rf.f7170f04e02d773c5ffc80d48fe94e50.jpg,1
DSC_0114_jpg.rf.10e0beb674e42fbfe7ec0c5bd66823b8.jpg,0
DSC_0114_jpg.rf.1184f50b2d841ec27be9e9413038799d.jpg,0
DSC_0114_jpg.rf.5143f55a80a25bbb762dfdc1997d7db0.jpg,0
DSC_0114_jpg.rf.5b040acf8269b1e0bcc624a657f1192f.jpg,0
DSC_0114_jpg.rf.6fd8c0f6b58e82053a254f7911a01595.jpg,0
DSC_0114_jpg.rf.7f3cd40372634a4e4f2991dec3b0aa22.jpg,0
DSC_0114_jpg.rf.931f4248447653d05a343ea100c92aae.jpg,0
DSC_0114_jpg.rf.e4ae72dabc67944854e5f7a6565e5736.jpg,0
DSC_0114_jpg.rf.eebae636f04ff941e48c6d2abed30406.jpg,0
DSC_0114_jpg.rf.f125f37b19966c14df231a7fb14c1636.jpg,0
DSC_0119_jpg.rf.385e0720db7813ae56ab023bc384f2c3.jpg,3
DSC_0119_jpg.rf.7b0736d8bb8de6b8583944d6c5a5fc78.jpg,3
DSC_0119_jpg.rf.7df77fa858c0c4e6d590c88b109b5b5c.jpg,3
DSC_0119_jpg.rf.864551127438c7a93dd382874cdc7a08.jpg,3
DSC_0119_jpg.rf.d3cafdad836223f118494777ca9c586e.jpg,3
DSC_0119_jpg.rf.d783227d2a704fc7eec72af52462c67d.jpg,3
DSC_0119_jpg.rf.d92e6f25e864dae82eaa7d231cc79017.jpg,3
DSC_0119_jpg.rf.e37c8f0b90fbaed38d8ed1349d26a774.jpg,3
DSC_0119_jpg.rf.e3867bb23176e4924099da03050c4d75.jpg,3
DSC_0119_jpg.rf.f4ead1c600c29f10fd056de065011676.jpg,3
DSC_0124_jpg.rf.12cdf45b6e790e2df4b15c30d3291801.jpg,7
DSC_0124_jpg.rf.4f96f9e27499881012a5cf2f1f387bce.jpg,7
DSC_0124_jpg.rf.843c337cc43f731baa43235075266899.jpg,7
DSC_0124_jpg.rf.89bed65071e6d1e1e9b95afafff602fd.jpg,7
DSC_0124_jpg.rf.92905769a128c1c71b0a22a567cd3bf6.jpg,7
DSC_0124_jpg.rf.a50afdbd789c5d827907fcf1be1a9e71.jpg,7
DSC_0124_jpg.rf.b5510cf8af08f8a509db2a0b5ccd7863.jpg,7
DSC_0124_jpg.rf.c8247b47e2275d9ae2093f0b50948e7b.jpg,7
DSC_0124_jpg.rf.f970b35237d1a2603372c6df035f1bca.jpg,7
DSC_0124_jpg.rf.fe91bee92a3064dfb451faeed45359c5.jpg,7
DSC_0125_jpg.rf.099409bd24daee8e049289a1ef473cae.jpg,8
DSC_0125_jpg.rf.42d10a7a704883023a5d5e18d34c890b.jpg,8
DSC_0125_jpg.rf.88ca2f8676e8277e63940f4f97be1b26.jpg,8
DSC_0125_jpg.rf.9d038fd9781044d6c3a0872748b7a78b.jpg,8
DSC_0125_jpg.rf.a981e77a57ff0d4209ab3267fe323cc9.jpg,8
DSC_0125_jpg.rf.beb11250e4d7f1842f0451787e33f60c.jpg,8
DSC_0125_jpg.rf.d821433954d2a6f68fee0fdb1b5117bd.jpg,8
DSC_0125_jpg.rf.e4d968621b3294a85e9d68adeebf4d50.jpg,8
DSC_0125_jpg.rf.f1a7372dffd98c1f7a08f53c58704b60.jpg,8
DSC_0125_jpg.rf.f75e126078e8dafb9aa542a576dcee66.jpg,8
DSC_0127_jpg.rf.10006de9b0043c971d2fe33674c31d19.jpg,10
DSC_0127_jpg.rf.2250377552428024c90e3b98572c80e4.jpg,10
DSC_0127_jpg.rf.37805ae77bbac001eb7668924e710c73.jpg,10
DSC_0127_jpg.rf.690d75f2f8465cad8e68b3144e4d28f4.jpg,10
DSC_0127_jpg.rf.6c67a8b18c4b59f2e5f9aef98726af87.jpg,10
DSC_0127_jpg.rf.763087f8fa0ea51f0883eea33bd77e41.jpg,10
DSC_0127_jpg.rf.7fa8ad224c03f7c8d4263b637b1473ac.jpg,10
DSC_0127_jpg.rf.87c5b7bc76bd97abacfc6fa226db4fb8.jpg,10
DSC_0127_jpg.rf.8800955ac79628ced88ef310a514f737.jpg,10
DSC_0127_jpg.rf.96a634cd13b911143ec7c022d2bf3342.jpg,10
DSC_0132_jpg.rf.1c90d00b981ccc3a15e1611d009d026a.jpg,11
DSC_0132_jpg.rf.3ac133dab7a10ff1aec61318427051a2.jpg,11
DSC_0132_jpg.rf.7448851a3fb3efe9d845d83a744635c8.jpg,11
DSC_0132_jpg.rf.7b4b61f76cbed1dd4f75ab6dd3c77233.jpg,11
DSC_0132_jpg.rf.830f743246e82e2eaf0a514042c7ac53.jpg,11
DSC_0132_jpg.rf.88175925d152259da4d787f63e3897af.jpg,11
DSC_0132_jpg.rf.c40d7301c7801eafb91dbe4778ceffb3.jpg,11
DSC_0132_jpg.rf.ebe62d8e1bbed7e3c43c68a0678d9f3a.jpg,11
DSC_0132_jpg.rf.eed21e1f18c99220fdcdc146f890f853.jpg,11
DSC_0132_jpg.rf.f0f2c69229ec87d4fed750504e32916f.jpg,11
DSC_0135_jpg.rf.0588947ee8eeedd2444cf55eabe5ecb6.jpg,6
DSC_0135_jpg.rf.1f88ef0bcd5cb70c901fb2088fa85a0f.jpg,6
DSC_0135_jpg.rf.3e07d9f3b065ffdf8ff024da23799c78.jpg,6
DSC_0135_jpg.rf.3e3a7d1f9783636f39ed2dde37e70bd8.jpg,6
DSC_0135_jpg.rf.465680179e3796d7282679384ddff827.jpg,6
DSC_0135_jpg.rf.b5afc99c40bde18b7c04aad00a3dd519.jpg,6
DSC_0135_jpg.rf.b8b6e1b45ee4c1a526657a749984e893.jpg,6
DSC_0135_jpg.rf.bdb622237067a51db3a70171bb19bd00.jpg,6
DSC_0135_jpg.rf.ccf28e6d2f74b8503469ee4d05965388.jpg,6
DSC_0135_jpg.rf.e9fdb51678e77ea3065ea95f2f15e0c5.jpg,6
DSC_0136_jpg.rf.306087f493bf41bb38a83e71f487832f.jpg,5
DSC_0136_jpg.rf.499aa245267552f95e2db9c993d75646.jpg,5
DSC_0136_jpg.rf.694efb19aba0ef97bb6d8436cb459eef.jpg,5
DSC_0136_jpg.rf.6ccfdb53d036eb4a90ca17622c8191b6.jpg,5
DSC_0136_jpg.rf.a6ac3175535188e8aa365446861437de.jpg,5
DSC_0136_jpg.rf.ab457f764df60b8962c2f312ff440be9.jpg,5
DSC_0136_jpg.rf.c171fe49a64c3acfaf25dbc5219a76af.jpg,5
DSC_0136_jpg.rf.c825ed6d6812e3e6df0ab01200d06536.jpg,5
DSC_0136_jpg.rf.ddd1d8989a771287f99dd1420a0d1fcf.jpg,5
DSC_0136_jpg.rf.e54c737d5c47b44a9ed83f43c56dc96e.jpg,5
DSC_0140_jpg.rf.02115ff4b4c5387bef40db2a070f7cbd.jpg,3
DSC_0140_jpg.rf.1059f0966446195435e579e75adc6d7b.jpg,3
DSC_0140_jpg.rf.10dcc461d9df318565a1563b66036dd1.jpg,3
DSC_0140_jpg.rf.6d35085a1f2fb2fa32d51c0d82be8334.jpg,3
DSC_0140_jpg.rf.71072d10f2a06149a4566e2be1977ae5.jpg,3
DSC_0140_jpg.rf.9b33259a376d8a3fb1dcd3dab17e612a.jpg,3
DSC_0140_jpg.rf.a1d957a5c5128692abf3b5dfdec5dd5a.jpg,3
DSC_0140_jpg.rf.aefc448a9c6261ec8311c22fd98fb2d0.jpg,3
DSC_0140_jpg.rf.e6bdbb3f6eba1e85f65aa672ccceabce.jpg,3
DSC_0140_jpg.rf.f772f61d5809d9ad23ed33236318bb66.jpg,3
